acc_x,acc_y,acc_z,gyro_x,gyro_y,gyro_z,mag_x,mag_y,mag_z,time
-0.004945590117421265,-0.9608211480496927,0.019286181536805808,-0.11540727459016153,-0.10260245901639387,0.12849897540983607,-284.40150412792866,647.4670830836718,-154.25963584891406,0.0
-0.004945590117421265,-0.9608211480496927,0.019286181536805808,-0.11540727459016153,-0.10260245901639387,0.12849897540983607,-284.40150412792866,647.4670830836718,-154.25963584891406,0.000899
-0.004945590117421265,-0.9707817798156977,0.00937864998733659,0.014592725409841023,-0.10260245901639387,0.24849897540983606,-291.9003387884951,666.3893599626064,-128.67036444605094,0.002735
-0.004945590117421265,-0.9707817798156977,0.00937864998733659,0.014592725409841023,-0.10260245901639387,0.24849897540983606,-291.9003387884951,666.3893599626064,-128.67036444605094,0.003655
-0.004945590117421265,-0.9807424115817027,0.00937864998733659,0.13459272540983847,-0.16260245901639347,0.43849897540983607,-291.9003387884951,666.3893599626064,-128.67036444605094,0.005181
-0.004945590117421265,-0.9807424115817027,0.00937864998733659,0.13459272540983847,-0.16260245901639347,0.43849897540983607,-291.9003387884951,666.3893599626064,-128.67036444605094,0.006098
-0.004945590117421265,-0.9907030433477078,0.00937864998733659,0.13459272540983847,-0.03260245901639358,0.49849897540983606,-291.9003387884951,666.3893599626064,-128.67036444605094,0.007614
-0.004945590117421265,-0.9907030433477078,0.00937864998733659,0.13459272540983847,-0.03260245901639358,0.49849897540983606,-291.9003387884951,666.3893599626064,-128.67036444605094,0.008521
-0.004945590117421265,-0.9907030433477078,0.00937864998733659,0.13459272540983847,-0.03260245901639358,0.49849897540983606,-291.9003387884951,666.3893599626064,-128.67036444605094,0.009432
-0.004945590117421265,-1.0106243068797178,0.00937864998733659,0.13459272540983847,-0.03260245901639358,0.5584989754098361,-295.5358318920175,650.6608318937957,-112.66263698724778,0.011246
-0.004945590117421265,-1.0106243068797178,0.00937864998733659,0.13459272540983847,-0.03260245901639358,0.5584989754098361,-295.5358318920175,650.6608318937957,-112.66263698724778,0.012163
-0.004945590117421265,-1.0205849386457229,0.00937864998733659,0.13459272540983847,-0.03260245901639358,0.49849897540983606,-295.5358318920175,650.6608318937957,-112.66263698724778,0.013682
-0.004945590117421265,-1.0205849386457229,0.00937864998733659,0.13459272540983847,-0.03260245901639358,0.49849897540983606,-295.5358318920175,650.6608318937957,-112.66263698724778,0.014565
-0.004945590117421265,-1.0205849386457229,0.00937864998733659,0.13459272540983847,-0.03260245901639358,0.49849897540983606,-295.5358318920175,650.6608318937957,-112.66263698724778,0.015461
-0.004945590117421265,-1.030545570411728,0.00937864998733659,0.13459272540983847,-0.10260245901639387,0.37849897540983607,-295.5358318920175,650.6608318937957,-112.66263698724778,0.016975
-0.004945590117421265,-1.030545570411728,0.00937864998733659,0.13459272540983847,-0.10260245901639387,0.37849897540983607,-295.5358318920175,650.6608318937957,-112.66263698724778,0.017894
-0.004945590117421265,-1.030545570411728,0.00937864998733659,0.13459272540983847,-0.10260245901639387,0.37849897540983607,-295.5358318920175,650.6608318937957,-112.66263698724778,0.018792
-0.004945590117421265,-1.040506202177733,0.00937864998733659,0.07459272540983974,-0.03260245901639358,0.24849897540983606,-286.0103646546935,647.4195517657238,-116.25864989217997,0.020605
-0.004945590117421265,-1.040506202177733,0.00937864998733659,0.07459272540983974,-0.03260245901639358,0.24849897540983606,-286.0103646546935,647.4195517657238,-116.25864989217997,0.021516
-0.004945590117421265,-1.040506202177733,0.00937864998733659,0.014592725409841023,-0.03260245901639358,0.12849897540983607,-286.0103646546935,647.4195517657238,-116.25864989217997,0.023038
-0.004945590117421265,-1.040506202177733,0.00937864998733659,0.014592725409841023,-0.03260245901639358,0.12849897540983607,-286.0103646546935,647.4195517657238,-116.25864989217997,0.023944
-0.004945590117421265,-1.040506202177733,0.00937864998733659,0.014592725409841023,-0.03260245901639358,0.12849897540983607,-286.0103646546935,647.4195517657238,-116.25864989217997,0.024859
-0.004945590117421265,-1.030545570411728,0.00937864998733659,-0.05540727459015926,-0.03260245901639358,-0.05150102459016393,-286.0103646546935,647.4195517657238,-116.25864989217997,0.026401
-0.004945590117421265,-1.030545570411728,0.00937864998733659,-0.05540727459015926,-0.03260245901639358,-0.05150102459016393,-286.0103646546935,647.4195517657238,-116.25864989217997,0.027306
-0.004945590117421265,-1.0205849386457229,0.00937864998733659,-0.11540727459016153,0.08739754098360653,-0.11150102459016394,-286.0103646546935,647.4195517657238,-116.25864989217997,0.028845
-0.004945590117421265,-1.0205849386457229,0.00937864998733659,-0.11540727459016153,0.08739754098360653,-0.11150102459016394,-286.0103646546935,647.4195517657238,-116.25864989217997,0.029776
-0.004945590117421265,-1.0205849386457229,0.00937864998733659,-0.11540727459016153,0.08739754098360653,-0.11150102459016394,-286.0103646546935,647.4195517657238,-116.25864989217997,0.030698
-0.004945590117421265,-1.0006636751137128,0.00937864998733659,-0.11540727459016153,0.027397540983606028,-0.17150102459016392,-288.55341174252686,656.9249435671596,-131.9602730527055,0.032559
-0.004945590117421265,-1.0006636751137128,0.00937864998733659,-0.11540727459016153,0.027397540983606028,-0.17150102459016392,-288.55341174252686,656.9249435671596,-131.9602730527055,0.03347
-0.004945590117421265,-1.0006636751137128,0.00937864998733659,-0.17540727459016026,0.08739754098360653,-0.3015010245901639,-288.55341174252686,656.9249435671596,-131.9602730527055,0.035023
-0.004945590117421265,-1.0006636751137128,0.00937864998733659,-0.17540727459016026,0.08739754098360653,-0.3015010245901639,-288.55341174252686,656.9249435671596,-131.9602730527055,0.035939
-0.004945590117421265,-1.0006636751137128,0.00937864998733659,-0.17540727459016026,0.08739754098360653,-0.3015010245901639,-288.55341174252686,656.9249435671596,-131.9602730527055,0.036873
-0.004945590117421265,-0.9907030433477078,0.00937864998733659,-0.17540727459016026,0.08739754098360653,-0.3015010245901639,-288.55341174252686,656.9249435671596,-131.9602730527055,0.038402
-0.004945590117421265,-0.9907030433477078,0.00937864998733659,-0.17540727459016026,0.08739754098360653,-0.3015010245901639,-288.55341174252686,656.9249435671596,-131.9602730527055,0.039322
-0.004945590117421265,-0.9807424115817027,0.00937864998733659,-0.11540727459016153,0.027397540983606028,-0.23150102459016392,-310.0413335574767,635.1049481538448,-134.1139946049223,0.041166
-0.004945590117421265,-0.9807424115817027,0.00937864998733659,-0.11540727459016153,0.027397540983606028,-0.23150102459016392,-310.0413335574767,635.1049481538448,-134.1139946049223,0.042087
0.005013958267721445,-0.9707817798156977,0.00937864998733659,-0.17540727459016026,0.14739754098360613,-0.11150102459016394,-310.0413335574767,635.1049481538448,-134.1139946049223,0.043625
0.005013958267721445,-0.9707817798156977,0.00937864998733659,-0.17540727459016026,0.14739754098360613,-0.11150102459016394,-310.0413335574767,635.1049481538448,-134.1139946049223,0.044536
0.005013958267721445,-0.9707817798156977,0.00937864998733659,-0.17540727459016026,0.14739754098360613,-0.11150102459016394,-310.0413335574767,635.1049481538448,-134.1139946049223,0.045456
0.005013958267721445,-0.9707817798156977,0.00937864998733659,-0.05540727459015926,0.08739754098360653,0.008498975409836065,-310.0413335574767,635.1049481538448,-134.1139946049223,0.04698
0.005013958267721445,-0.9707817798156977,0.00937864998733659,-0.05540727459015926,0.08739754098360653,0.008498975409836065,-310.0413335574767,635.1049481538448,-134.1139946049223,0.047892
0.005013958267721445,-0.9707817798156977,0.00937864998733659,-0.05540727459015926,0.08739754098360653,0.008498975409836065,-310.0413335574767,635.1049481538448,-134.1139946049223,0.048796
0.005013958267721445,-0.9608211480496927,0.00937864998733659,0.014592725409841023,0.027397540983606028,0.12849897540983607,-304.81205696352805,628.7250562771324,-109.05173528757172,0.050634
0.005013958267721445,-0.9608211480496927,0.00937864998733659,0.014592725409841023,0.027397540983606028,0.12849897540983607,-304.81205696352805,628.7250562771324,-109.05173528757172,0.051543
0.005013958267721445,-0.9707817798156977,0.00937864998733659,0.014592725409841023,0.08739754098360653,0.31849897540983607,-304.81205696352805,628.7250562771324,-109.05173528757172,0.053079
0.005013958267721445,-0.9707817798156977,0.00937864998733659,0.014592725409841023,0.08739754098360653,0.31849897540983607,-304.81205696352805,628.7250562771324,-109.05173528757172,0.053993
0.005013958267721445,-0.9707817798156977,0.00937864998733659,0.014592725409841023,0.08739754098360653,0.31849897540983607,-304.81205696352805,628.7250562771324,-109.05173528757172,0.05491
0.005013958267721445,-0.9807424115817027,0.00937864998733659,0.014592725409841023,0.08739754098360653,0.43849897540983607,-304.81205696352805,628.7250562771324,-109.05173528757172,0.056442
0.005013958267721445,-0.9807424115817027,0.00937864998733659,0.014592725409841023,0.08739754098360653,0.43849897540983607,-304.81205696352805,628.7250562771324,-109.05173528757172,0.057356
0.005013958267721445,-0.9907030433477078,0.00937864998733659,0.13459272540983847,0.08739754098360653,0.49849897540983606,-304.81205696352805,628.7250562771324,-109.05173528757172,0.058882
0.005013958267721445,-0.9907030433477078,0.00937864998733659,0.13459272540983847,0.08739754098360653,0.49849897540983606,-304.81205696352805,628.7250562771324,-109.05173528757172,0.059787
0.005013958267721445,-0.9907030433477078,0.00937864998733659,0.13459272540983847,0.08739754098360653,0.49849897540983606,-304.81205696352805,628.7250562771324,-109.05173528757172,0.06068
-0.004945590117421265,-1.0106243068797178,0.00937864998733659,0.13459272540983847,0.14739754098360613,0.49849897540983606,-301.25864153998384,625.5542320674048,-118.69232804258469,0.062507
-0.004945590117421265,-1.0106243068797178,0.00937864998733659,0.13459272540983847,0.14739754098360613,0.49849897540983606,-301.25864153998384,625.5542320674048,-118.69232804258469,0.063416
0.005013958267721445,-1.0205849386457229,0.00937864998733659,0.07459272540983974,0.14739754098360613,0.43849897540983607,-301.25864153998384,625.5542320674048,-118.69232804258469,0.064947
0.005013958267721445,-1.0205849386457229,0.00937864998733659,0.07459272540983974,0.14739754098360613,0.43849897540983607,-301.25864153998384,625.5542320674048,-118.69232804258469,0.065842
0.005013958267721445,-1.0205849386457229,0.00937864998733659,0.07459272540983974,0.14739754098360613,0.43849897540983607,-301.25864153998384,625.5542320674048,-118.69232804258469,0.066758
-0.004945590117421265,-1.030545570411728,0.00937864998733659,0.07459272540983974,0.14739754098360613,0.37849897540983607,-301.25864153998384,625.5542320674048,-118.69232804258469,0.068285
-0.004945590117421265,-1.030545570411728,0.00937864998733659,0.07459272540983974,0.14739754098360613,0.37849897540983607,-301.25864153998384,625.5542320674048,-118.69232804258469,0.069195
-0.004945590117421265,-1.030545570411728,0.00937864998733659,0.07459272540983974,0.14739754098360613,0.24849897540983606,-313.3092691958936,638.283535526646,-130.8166438845447,0.071022
-0.004945590117421265,-1.030545570411728,0.00937864998733659,0.07459272540983974,0.14739754098360613,0.24849897540983606,-313.3092691958936,638.283535526646,-130.8166438845447,0.071932
-0.004945590117421265,-1.030545570411728,0.00937864998733659,0.07459272540983974,0.14739754098360613,0.24849897540983606,-313.3092691958936,638.283535526646,-130.8166438845447,0.072848
0.005013958267721445,-1.030545570411728,0.00937864998733659,0.014592725409841023,0.14739754098360613,0.12849897540983607,-313.3092691958936,638.283535526646,-130.8166438845447,0.074355
0.005013958267721445,-1.030545570411728,0.00937864998733659,0.014592725409841023,0.14739754098360613,0.12849897540983607,-313.3092691958936,638.283535526646,-130.8166438845447,0.075266
0.005013958267721445,-1.0205849386457229,0.00937864998733659,-0.05540727459015926,0.20739754098360574,0.06849897540983606,-313.3092691958936,638.283535526646,-130.8166438845447,0.076782
0.005013958267721445,-1.0205849386457229,0.00937864998733659,-0.05540727459015926,0.20739754098360574,0.06849897540983606,-313.3092691958936,638.283535526646,-130.8166438845447,0.077691
0.005013958267721445,-1.0205849386457229,0.00937864998733659,-0.05540727459015926,0.20739754098360574,0.06849897540983606,-313.3092691958936,638.283535526646,-130.8166438845447,0.078592
0.005013958267721445,-1.0205849386457229,0.00937864998733659,-0.05540727459015926,0.26739754098360624,-0.05150102459016393,-289.62598542703677,656.8932560218609,-106.62628241488272,0.080435
0.005013958267721445,-1.0205849386457229,0.00937864998733659,-0.05540727459015926,0.26739754098360624,-0.05150102459016393,-289.62598542703677,656.8932560218609,-106.62628241488272,0.081348
0.005013958267721445,-1.0106243068797178,0.00937864998733659,-0.05540727459015926,0.32739754098360585,-0.17150102459016392,-289.62598542703677,656.8932560218609,-106.62628241488272,0.082898
0.005013958267721445,-1.0106243068797178,0.00937864998733659,-0.05540727459015926,0.32739754098360585,-0.17150102459016392,-289.62598542703677,656.8932560218609,-106.62628241488272,0.083815
0.005013958267721445,-1.0106243068797178,0.00937864998733659,-0.05540727459015926,0.32739754098360585,-0.17150102459016392,-289.62598542703677,656.8932560218609,-106.62628241488272,0.084755
0.005013958267721445,-1.0006636751137128,0.00937864998733659,-0.17540727459016026,0.32739754098360585,-0.3015010245901639,-289.62598542703677,656.8932560218609,-106.62628241488272,0.086301
0.005013958267721445,-1.0006636751137128,0.00937864998733659,-0.17540727459016026,0.32739754098360585,-0.3015010245901639,-289.62598542703677,656.8932560218609,-106.62628241488272,0.087226
0.005013958267721445,-0.9907030433477078,0.00937864998733659,-0.17540727459016026,0.20739754098360574,-0.23150102459016392,-289.62598542703677,656.8932560218609,-106.62628241488272,0.088769
0.005013958267721445,-0.9907030433477078,0.00937864998733659,-0.17540727459016026,0.20739754098360574,-0.23150102459016392,-289.62598542703677,656.8932560218609,-106.62628241488272,0.089702
0.005013958267721445,-0.9907030433477078,0.00937864998733659,-0.17540727459016026,0.20739754098360574,-0.23150102459016392,-289.62598542703677,656.8932560218609,-106.62628241488272,0.090627
0.005013958267721445,-0.9807424115817027,0.00937864998733659,-0.17540727459016026,0.26739754098360624,-0.17150102459016392,-291.651857313238,641.2122817444348,-128.6375082820604,0.092451
0.005013958267721445,-0.9807424115817027,0.00937864998733659,-0.17540727459016026,0.26739754098360624,-0.17150102459016392,-291.651857313238,641.2122817444348,-128.6375082820604,0.09337
0.005013958267721445,-0.9707817798156977,0.00937864998733659,-0.11540727459016153,0.32739754098360585,-0.17150102459016392,-291.651857313238,641.2122817444348,-128.6375082820604,0.094909
0.005013958267721445,-0.9707817798156977,0.00937864998733659,-0.11540727459016153,0.32739754098360585,-0.17150102459016392,-291.651857313238,641.2122817444348,-128.6375082820604,0.095824
0.005013958267721445,-0.9707817798156977,0.00937864998733659,-0.11540727459016153,0.32739754098360585,-0.17150102459016392,-291.651857313238,641.2122817444348,-128.6375082820604,0.096743
0.005013958267721445,-0.9707817798156977,0.00937864998733659,-0.05540727459015926,0.32739754098360585,-0.05150102459016393,-291.651857313238,641.2122817444348,-128.6375082820604,0.09829
0.005013958267721445,-0.9707817798156977,0.00937864998733659,-0.05540727459015926,0.32739754098360585,-0.05150102459016393,-291.651857313238,641.2122817444348,-128.6375082820604,0.099214
0.005013958267721445,-0.9707817798156977,0.00937864998733659,0.07459272540983974,0.44739754098360596,0.12849897540983607,-286.27888842109917,647.411618642681,-109.916168548101,0.101052
0.005013958267721445,-0.9707817798156977,0.00937864998733659,0.07459272540983974,0.44739754098360596,0.12849897540983607,-286.27888842109917,647.411618642681,-109.916168548101,0.101964
0.005013958267721445,-0.9707817798156977,0.00937864998733659,0.07459272540983974,0.44739754098360596,0.12849897540983607,-286.27888842109917,647.411618642681,-109.916168548101,0.102878
0.005013958267721445,-0.9707817798156977,0.00937864998733659,0.13459272540983847,0.38739754098360635,0.31849897540983607,-286.27888842109917,647.411618642681,-109.916168548101,0.104396
0.005013958267721445,-0.9707817798156977,0.00937864998733659,0.13459272540983847,0.38739754098360635,0.31849897540983607,-286.27888842109917,647.411618642681,-109.916168548101,0.105317
0.005013958267721445,-0.9807424115817027,0.00937864998733659,0.07459272540983974,0.32739754098360585,0.37849897540983607,-286.27888842109917,647.411618642681,-109.916168548101,0.106856
0.005013958267721445,-0.9807424115817027,0.00937864998733659,0.07459272540983974,0.32739754098360585,0.37849897540983607,-286.27888842109917,647.411618642681,-109.916168548101,0.107776
0.005013958267721445,-0.9807424115817027,0.00937864998733659,0.07459272540983974,0.32739754098360585,0.37849897540983607,-286.27888842109917,647.411618642681,-109.916168548101,0.108684
0.005013958267721445,-0.9907030433477078,0.00937864998733659,0.014592725409841023,0.38739754098360635,0.43849897540983607,-283.0562021127594,650.5357413563202,-113.22250523675083,0.110495
0.005013958267721445,-0.9907030433477078,0.00937864998733659,0.014592725409841023,0.38739754098360635,0.43849897540983607,-283.0562021127594,650.5357413563202,-113.22250523675083,0.111402
0.005013958267721445,-1.0006636751137128,0.00937864998733659,0.07459272540983974,0.26739754098360624,0.5584989754098361,-283.0562021127594,650.5357413563202,-113.22250523675083,0.112938
0.005013958267721445,-1.0006636751137128,0.00937864998733659,0.07459272540983974,0.26739754098360624,0.5584989754098361,-283.0562021127594,650.5357413563202,-113.22250523675083,0.113859
0.005013958267721445,-1.0006636751137128,0.00937864998733659,0.07459272540983974,0.26739754098360624,0.5584989754098361,-283.0562021127594,650.5357413563202,-113.22250523675083,0.114777
0.005013958267721445,-1.0205849386457229,0.019286181536805808,0.07459272540983974,0.32739754098360585,0.49849897540983606,-283.0562021127594,650.5357413563202,-113.22250523675083,0.11631
0.005013958267721445,-1.0205849386457229,0.019286181536805808,0.07459272540983974,0.32739754098360585,0.49849897540983606,-283.0562021127594,650.5357413563202,-113.22250523675083,0.117217
0.005013958267721445,-1.0205849386457229,0.00937864998733659,0.07459272540983974,0.26739754098360624,0.37849897540983607,-283.0562021127594,650.5357413563202,-113.22250523675083,0.118754
0.005013958267721445,-1.0205849386457229,0.00937864998733659,0.07459272540983974,0.26739754098360624,0.37849897540983607,-283.0562021127594,650.5357413563202,-113.22250523675083,0.119656
0.005013958267721445,-1.0205849386457229,0.00937864998733659,0.07459272540983974,0.26739754098360624,0.37849897540983607,-283.0562021127594,650.5357413563202,-113.22250523675083,0.120564
0.005013958267721445,-1.030545570411728,0.019286181536805808,0.13459272540983847,0.26739754098360624,0.31849897540983607,-297.29318001181304,634.9877907394123,-141.01634419850444,0.122392
0.005013958267721445,-1.030545570411728,0.019286181536805808,0.13459272540983847,0.26739754098360624,0.31849897540983607,-297.29318001181304,634.9877907394123,-141.01634419850444,0.123304
0.005013958267721445,-1.030545570411728,0.019286181536805808,0.07459272540983974,0.26739754098360624,0.18849897540983607,-297.29318001181304,634.9877907394123,-141.01634419850444,0.124829
0.005013958267721445,-1.030545570411728,0.019286181536805808,0.07459272540983974,0.26739754098360624,0.18849897540983607,-297.29318001181304,634.9877907394123,-141.01634419850444,0.125744
0.005013958267721445,-1.030545570411728,0.019286181536805808,0.07459272540983974,0.26739754098360624,0.18849897540983607,-297.29318001181304,634.9877907394123,-141.01634419850444,0.126654
0.005013958267721445,-1.0205849386457229,0.019286181536805808,-0.11540727459016153,0.20739754098360574,-0.11150102459016394,-297.29318001181304,634.9877907394123,-141.01634419850444,0.128194
0.005013958267721445,-1.0205849386457229,0.019286181536805808,-0.11540727459016153,0.20739754098360574,-0.11150102459016394,-297.29318001181304,634.9877907394123,-141.01634419850444,0.129118
0.005013958267721445,-1.0106243068797178,0.019286181536805808,-0.05540727459015926,0.26739754098360624,-0.23150102459016392,-292.3324271842701,628.5999657396568,-109.61160353707476,0.130952
0.005013958267721445,-1.0106243068797178,0.019286181536805808,-0.05540727459015926,0.26739754098360624,-0.23150102459016392,-292.3324271842701,628.5999657396568,-109.61160353707476,0.131882
0.005013958267721445,-1.0106243068797178,0.019286181536805808,-0.05540727459015926,0.26739754098360624,-0.23150102459016392,-292.3324271842701,628.5999657396568,-109.61160353707476,0.132803
0.005013958267721445,-1.0006636751137128,0.019286181536805808,-0.11540727459016153,0.38739754098360635,-0.17150102459016392,-292.3324271842701,628.5999657396568,-109.61160353707476,0.134337
0.005013958267721445,-1.0006636751137128,0.019286181536805808,-0.11540727459016153,0.38739754098360635,-0.17150102459016392,-292.3324271842701,628.5999657396568,-109.61160353707476,0.135274
0.005013958267721445,-0.9907030433477078,0.00937864998733659,-0.11540727459016153,0.32739754098360585,-0.17150102459016392,-292.3324271842701,628.5999657396568,-109.61160353707476,0.136817
0.005013958267721445,-0.9907030433477078,0.00937864998733659,-0.11540727459016153,0.32739754098360585,-0.17150102459016392,-292.3324271842701,628.5999657396568,-109.61160353707476,0.137743
0.005013958267721445,-0.9907030433477078,0.00937864998733659,-0.11540727459016153,0.32739754098360585,-0.17150102459016392,-292.3324271842701,628.5999657396568,-109.61160353707476,0.138669
0.005013958267721445,-0.9907030433477078,0.019286181536805808,-0.11540727459016153,0.26739754098360624,-0.17150102459016392,-292.5187033107282,647.4741639114187,-109.63623442334948,0.140515
0.005013958267721445,-0.9907030433477078,0.019286181536805808,-0.11540727459016153,0.26739754098360624,-0.17150102459016392,-292.5187033107282,647.4741639114187,-109.63623442334948,0.141431
0.005013958267721445,-0.9907030433477078,0.00937864998733659,-0.17540727459016026,0.20739754098360574,-0.05150102459016393,-292.5187033107282,647.4741639114187,-109.63623442334948,0.142959
0.005013958267721445,-0.9907030433477078,0.00937864998733659,-0.17540727459016026,0.20739754098360574,-0.05150102459016393,-292.5187033107282,647.4741639114187,-109.63623442334948,0.143878
0.005013958267721445,-0.9907030433477078,0.00937864998733659,-0.17540727459016026,0.20739754098360574,-0.05150102459016393,-292.5187033107282,647.4741639114187,-109.63623442334948,0.144799
0.005013958267721445,-0.9807424115817027,0.019286181536805808,-0.05540727459015926,0.20739754098360574,0.008498975409836065,-292.5187033107282,647.4741639114187,-109.63623442334948,0.146323
0.005013958267721445,-0.9807424115817027,0.019286181536805808,-0.05540727459015926,0.20739754098360574,0.008498975409836065,-292.5187033107282,647.4741639114187,-109.63623442334948,0.147235
0.005013958267721445,-0.9707817798156977,0.019286181536805808,0.014592725409841023,0.14739754098360613,-0.05150102459016393,-292.5187033107282,647.4741639114187,-109.63623442334948,0.148778
0.005013958267721445,-0.9707817798156977,0.019286181536805808,0.014592725409841023,0.14739754098360613,-0.05150102459016393,-292.5187033107282,647.4741639114187,-109.63623442334948,0.149702
0.005013958267721445,-0.9707817798156977,0.019286181536805808,0.014592725409841023,0.14739754098360613,-0.05150102459016393,-292.5187033107282,647.4741639114187,-109.63623442334948,0.150625
0.005013958267721445,-0.9707817798156977,0.019286181536805808,0.014592725409841023,0.14739754098360613,0.12849897540983607,-301.962092868074,669.6147963180288,-112.40735622220737,0.152446
0.005013958267721445,-0.9707817798156977,0.019286181536805808,0.014592725409841023,0.14739754098360613,0.12849897540983607,-301.962092868074,669.6147963180288,-112.40735622220737,0.153353
0.005013958267721445,-0.9907030433477078,0.019286181536805808,0.014592725409841023,0.08739754098360653,0.24849897540983606,-301.962092868074,669.6147963180288,-112.40735622220737,0.15489
0.005013958267721445,-0.9907030433477078,0.019286181536805808,0.014592725409841023,0.08739754098360653,0.24849897540983606,-301.962092868074,669.6147963180288,-112.40735622220737,0.155794
0.005013958267721445,-0.9907030433477078,0.019286181536805808,0.014592725409841023,0.08739754098360653,0.24849897540983606,-301.962092868074,669.6147963180288,-112.40735622220737,0.156718
0.005013958267721445,-1.0006636751137128,0.019286181536805808,0.07459272540983974,0.14739754098360613,0.31849897540983607,-301.962092868074,669.6147963180288,-112.40735622220737,0.158236
0.005013958267721445,-1.0006636751137128,0.019286181536805808,0.07459272540983974,0.14739754098360613,0.31849897540983607,-301.962092868074,669.6147963180288,-112.40735622220737,0.159145
0.005013958267721445,-1.0006636751137128,0.019286181536805808,0.19459272540984074,0.14739754098360613,0.31849897540983607,-283.1376890621506,631.6536325349516,-106.8733603756437,0.160971
0.005013958267721445,-1.0006636751137128,0.019286181536805808,0.19459272540984074,0.14739754098360613,0.31849897540983607,-283.1376890621506,631.6536325349516,-106.8733603756437,0.161862
0.005013958267721445,-1.0006636751137128,0.019286181536805808,0.19459272540984074,0.14739754098360613,0.31849897540983607,-283.1376890621506,631.6536325349516,-106.8733603756437,0.162777
0.005013958267721445,-1.0006636751137128,0.019286181536805808,-0.05540727459015926,0.14739754098360613,0.24849897540983606,-283.1376890621506,631.6536325349516,-106.8733603756437,0.164325
0.005013958267721445,-1.0006636751137128,0.019286181536805808,-0.05540727459015926,0.14739754098360613,0.24849897540983606,-283.1376890621506,631.6536325349516,-106.8733603756437,0.165233
0.005013958267721445,-1.0205849386457229,0.019286181536805808,-0.05540727459015926,0.14739754098360613,0.31849897540983607,-283.1376890621506,631.6536325349516,-106.8733603756437,0.166768
0.005013958267721445,-1.0205849386457229,0.019286181536805808,-0.05540727459015926,0.14739754098360613,0.31849897540983607,-283.1376890621506,631.6536325349516,-106.8733603756437,0.167676
0.005013958267721445,-1.0205849386457229,0.019286181536805808,-0.05540727459015926,0.14739754098360613,0.31849897540983607,-283.1376890621506,631.6536325349516,-106.8733603756437,0.168589
-0.004945590117421265,-1.0205849386457229,0.019286181536805808,-0.05540727459015926,-0.03260245901639358,0.24849897540983606,-306.88009190737966,644.53197338733,-137.44652394053463,0.17042
-0.004945590117421265,-1.0205849386457229,0.019286181536805808,-0.05540727459015926,-0.03260245901639358,0.24849897540983606,-306.88009190737966,644.53197338733,-137.44652394053463,0.171334
-0.004945590117421265,-1.0205849386457229,0.019286181536805808,0.07459272540983974,-0.03260245901639358,0.18849897540983607,-306.88009190737966,644.53197338733,-137.44652394053463,0.172867
-0.004945590117421265,-1.0205849386457229,0.019286181536805808,0.07459272540983974,-0.03260245901639358,0.18849897540983607,-306.88009190737966,644.53197338733,-137.44652394053463,0.173779
-0.004945590117421265,-1.0205849386457229,0.019286181536805808,0.07459272540983974,-0.03260245901639358,0.18849897540983607,-306.88009190737966,644.53197338733,-137.44652394053463,0.174685
0.005013958267721445,-1.0106243068797178,0.019286181536805808,0.014592725409841023,-0.10260245901639387,0.12849897540983607,-306.88009190737966,644.53197338733,-137.44652394053463,0.176211
0.005013958267721445,-1.0106243068797178,0.019286181536805808,0.014592725409841023,-0.10260245901639387,0.12849897540983607,-306.88009190737966,644.53197338733,-137.44652394053463,0.177124
0.005013958267721445,-1.0106243068797178,0.019286181536805808,-0.11540727459016153,-0.10260245901639387,0.12849897540983607,-306.88009190737966,644.53197338733,-137.44652394053463,0.178648
0.005013958267721445,-1.0106243068797178,0.019286181536805808,-0.11540727459016153,-0.10260245901639387,0.12849897540983607,-306.88009190737966,644.53197338733,-137.44652394053463,0.179548
0.005013958267721445,-1.0106243068797178,0.019286181536805808,-0.11540727459016153,-0.10260245901639387,0.12849897540983607,-306.88009190737966,644.53197338733,-137.44652394053463,0.180458
0.005013958267721445,-1.0006636751137128,0.019286181536805808,-0.17540727459016026,-0.16260245901639347,0.06849897540983606,-298.36575369632294,634.9561031941136,-115.68235356068165,0.182285
0.005013958267721445,-1.0006636751137128,0.019286181536805808,-0.17540727459016026,-0.16260245901639347,0.06849897540983606,-298.36575369632294,634.9561031941136,-115.68235356068165,0.183196
0.005013958267721445,-0.9907030433477078,0.019286181536805808,-0.05540727459015926,-0.10260245901639387,0.06849897540983606,-298.36575369632294,634.9561031941136,-115.68235356068165,0.184727
0.005013958267721445,-0.9907030433477078,0.019286181536805808,-0.05540727459015926,-0.10260245901639387,0.06849897540983606,-298.36575369632294,634.9561031941136,-115.68235356068165,0.185644
0.005013958267721445,-0.9907030433477078,0.019286181536805808,-0.05540727459015926,-0.10260245901639387,0.06849897540983606,-298.36575369632294,634.9561031941136,-115.68235356068165,0.186561
0.005013958267721445,-0.9907030433477078,0.019286181536805808,-0.11540727459016153,-0.03260245901639358,-0.05150102459016393,-298.36575369632294,634.9561031941136,-115.68235356068165,0.188099
0.005013958267721445,-0.9907030433477078,0.019286181536805808,-0.11540727459016153,-0.03260245901639358,-0.05150102459016393,-298.36575369632294,634.9561031941136,-115.68235356068165,0.189027
0.005013958267721445,-0.9907030433477078,0.00937864998733659,-0.17540727459016026,-0.10260245901639387,-0.11150102459016394,-273.09365169184997,628.4283436660622,-123.11764053968422,0.190863
0.005013958267721445,-0.9907030433477078,0.00937864998733659,-0.17540727459016026,-0.10260245901639387,-0.11150102459016394,-273.09365169184997,628.4283436660622,-123.11764053968422,0.191786
0.005013958267721445,-0.9907030433477078,0.00937864998733659,-0.17540727459016026,-0.10260245901639387,-0.11150102459016394,-273.09365169184997,628.4283436660622,-123.11764053968422,0.1927
0.005013958267721445,-0.9907030433477078,0.00937864998733659,-0.11540727459016153,-0.16260245901639347,-0.05150102459016393,-273.09365169184997,628.4283436660622,-123.11764053968422,0.194235
0.005013958267721445,-0.9907030433477078,0.00937864998733659,-0.11540727459016153,-0.16260245901639347,-0.05150102459016393,-273.09365169184997,628.4283436660622,-123.11764053968422,0.195165
0.005013958267721445,-0.9907030433477078,0.019286181536805808,0.014592725409841023,-0.10260245901639387,0.06849897540983606,-273.09365169184997,628.4283436660622,-123.11764053968422,0.196678
0.005013958267721445,-0.9907030433477078,0.019286181536805808,0.014592725409841023,-0.10260245901639387,0.06849897540983606,-273.09365169184997,628.4283436660622,-123.11764053968422,0.197592
0.005013958267721445,-0.9907030433477078,0.019286181536805808,0.014592725409841023,-0.10260245901639387,0.06849897540983606,-273.09365169184997,628.4283436660622,-123.11764053968422,0.198497
0.005013958267721445,-0.9907030433477078,0.00937864998733659,-0.05540727459015926,-0.03260245901639358,0.12849897540983607,-273.09365169184997,628.4283436660622,-123.11764053968422,0.20003
0.005013958267721445,-0.9907030433477078,0.00937864998733659,-0.05540727459015926,-0.03260245901639358,0.12849897540983607,-273.09365169184997,628.4283436660622,-123.11764053968422,0.200937
0.005013958267721445,-0.9907030433477078,0.00937864998733659,-0.05540727459015926,-0.10260245901639387,0.06849897540983606,-301.651406044018,638.1348380534477,-112.36627478050099,0.202777
0.005013958267721445,-0.9907030433477078,0.00937864998733659,-0.05540727459015926,-0.10260245901639387,0.06849897540983606,-301.651406044018,638.1348380534477,-112.36627478050099,0.203683
0.005013958267721445,-0.9907030433477078,0.00937864998733659,-0.05540727459015926,-0.10260245901639387,0.06849897540983606,-301.651406044018,638.1348380534477,-112.36627478050099,0.204603
0.005013958267721445,-0.9907030433477078,0.00937864998733659,0.07459272540983974,-0.03260245901639358,0.18849897540983607,-301.651406044018,638.1348380534477,-112.36627478050099,0.206126
0.005013958267721445,-0.9907030433477078,0.00937864998733659,0.07459272540983974,-0.03260245901639358,0.18849897540983607,-301.651406044018,638.1348380534477,-112.36627478050099,0.207044
0.005013958267721445,-0.9907030433477078,0.00937864998733659,0.014592725409841023,-0.10260245901639387,0.24849897540983606,-301.651406044018,638.1348380534477,-112.36627478050099,0.208557
0.005013958267721445,-0.9907030433477078,0.00937864998733659,0.014592725409841023,-0.10260245901639387,0.24849897540983606,-301.651406044018,638.1348380534477,-112.36627478050099,0.209469
0.005013958267721445,-0.9907030433477078,0.00937864998733659,0.014592725409841023,-0.10260245901639387,0.24849897540983606,-301.651406044018,638.1348380534477,-112.36627478050099,0.210372
0.005013958267721445,-1.0006636751137128,0.00937864998733659,0.014592725409841023,-0.16260245901639347,0.31849897540983607,-323.183986458458,622.6347961837429,-114.54697214367306,0.212209
0.005013958267721445,-1.0006636751137128,0.00937864998733659,0.014592725409841023,-0.16260245901639347,0.31849897540983607,-323.183986458458,622.6347961837429,-114.54697214367306,0.21312
0.005013958267721445,-1.0106243068797178,0.00937864998733659,0.07459272540983974,-0.10260245901639387,0.31849897540983607,-323.183986458458,622.6347961837429,-114.54697214367306,0.214638
0.005013958267721445,-1.0106243068797178,0.00937864998733659,0.07459272540983974,-0.10260245901639387,0.31849897540983607,-323.183986458458,622.6347961837429,-114.54697214367306,0.215537
0.005013958267721445,-1.0106243068797178,0.00937864998733659,0.07459272540983974,-0.10260245901639387,0.31849897540983607,-323.183986458458,622.6347961837429,-114.54697214367306,0.216453
-0.004945590117421265,-1.0106243068797178,0.00937864998733659,0.014592725409841023,-0.16260245901639347,0.31849897540983607,-323.183986458458,622.6347961837429,-114.54697214367306,0.217996
-0.004945590117421265,-1.0106243068797178,0.00937864998733659,0.014592725409841023,-0.16260245901639347,0.31849897540983607,-323.183986458458,622.6347961837429,-114.54697214367306,0.218913
0.005013958267721445,-1.0106243068797178,0.00937864998733659,-0.11540727459016153,-0.16260245901639347,0.24849897540983606,-300.0417848266968,638.1823918448321,-150.38522810648172,0.220745
0.005013958267721445,-1.0106243068797178,0.00937864998733659,-0.11540727459016153,-0.16260245901639347,0.24849897540983606,-300.0417848266968,638.1823918448321,-150.38522810648172,0.221657
0.005013958267721445,-1.0106243068797178,0.00937864998733659,-0.11540727459016153,-0.16260245901639347,0.24849897540983606,-300.0417848266968,638.1823918448321,-150.38522810648172,0.222564
0.005013958267721445,-1.0106243068797178,0.00937864998733659,-0.05540727459015926,-0.10260245901639387,0.18849897540983607,-300.0417848266968,638.1823918448321,-150.38522810648172,0.224098
0.005013958267721445,-1.0106243068797178,0.00937864998733659,-0.05540727459015926,-0.10260245901639387,0.18849897540983607,-300.0417848266968,638.1823918448321,-150.38522810648172,0.225022
0.005013958267721445,-1.0106243068797178,0.00937864998733659,-0.05540727459015926,-0.03260245901639358,0.18849897540983607,-300.0417848266968,638.1823918448321,-150.38522810648172,0.226533
0.005013958267721445,-1.0106243068797178,0.00937864998733659,-0.05540727459015926,-0.03260245901639358,0.18849897540983607,-300.0417848266968,638.1823918448321,-150.38522810648172,0.227439
0.005013958267721445,-1.0106243068797178,0.00937864998733659,-0.05540727459015926,-0.03260245901639358,0.18849897540983607,-300.0417848266968,638.1823918448321,-150.38522810648172,0.228317
-0.004945590117421265,-1.0106243068797178,0.00937864998733659,-0.17540727459016026,-0.03260245901639358,0.008498975409836065,-300.0417848266968,638.1823918448321,-150.38522810648172,0.229841
-0.004945590117421265,-1.0106243068797178,0.00937864998733659,-0.17540727459016026,-0.03260245901639358,0.008498975409836065,-300.0417848266968,638.1823918448321,-150.38522810648172,0.230752
-0.004945590117421265,-1.0106243068797178,0.00937864998733659,-0.17540727459016026,-0.03260245901639358,0.008498975409836065,-300.0417848266968,638.1823918448321,-150.38522810648172,0.231653
0.005013958267721445,-1.0106243068797178,0.00937864998733659,-0.17540727459016026,0.027397540983606028,-0.05150102459016393,-291.7341049531856,622.33015044963,-122.2703960517066,0.233483
0.005013958267721445,-1.0106243068797178,0.00937864998733659,-0.17540727459016026,0.027397540983606028,-0.05150102459016393,-291.7341049531856,622.33015044963,-122.2703960517066,0.234401
-0.004945590117421265,-1.0106243068797178,0.00937864998733659,-0.17540727459016026,0.027397540983606028,-0.05150102459016393,-291.7341049531856,622.33015044963,-122.2703960517066,0.235952
-0.004945590117421265,-1.0106243068797178,0.00937864998733659,-0.17540727459016026,0.027397540983606028,-0.05150102459016393,-291.7341049531856,622.33015044963,-122.2703960517066,0.236875
-0.004945590117421265,-1.0006636751137128,0.00937864998733659,-0.11540727459016153,0.08739754098360653,-0.05150102459016393,-291.7341049531856,622.33015044963,-122.2703960517066,0.238416
-0.004945590117421265,-1.0006636751137128,0.00937864998733659,-0.11540727459016153,0.08739754098360653,-0.05150102459016393,-291.7341049531856,622.33015044963,-122.2703960517066,0.239334
-0.004945590117421265,-1.0006636751137128,0.00937864998733659,-0.11540727459016153,0.08739754098360653,-0.05150102459016393,-291.7341049531856,622.33015044963,-122.2703960517066,0.240269
-0.004945590117421265,-0.9907030433477078,0.00937864998733659,-0.11540727459016153,0.08739754098360653,-0.05150102459016393,-291.77609805086655,653.8008208535206,-128.65393636405568,0.242096
-0.004945590117421265,-0.9907030433477078,0.00937864998733659,-0.11540727459016153,0.08739754098360653,-0.05150102459016393,-291.77609805086655,653.8008208535206,-128.65393636405568,0.24303
-0.004945590117421265,-0.9907030433477078,0.00937864998733659,-0.11540727459016153,0.027397540983606028,-0.11150102459016394,-291.77609805086655,653.8008208535206,-128.65393636405568,0.244559
-0.004945590117421265,-0.9907030433477078,0.00937864998733659,-0.11540727459016153,0.027397540983606028,-0.11150102459016394,-291.77609805086655,653.8008208535206,-128.65393636405568,0.245489
-0.004945590117421265,-0.9907030433477078,0.00937864998733659,-0.11540727459016153,0.027397540983606028,-0.11150102459016394,-291.77609805086655,653.8008208535206,-128.65393636405568,0.246401
-0.004945590117421265,-0.9907030433477078,-0.000528881562132627,-0.11540727459016153,0.20739754098360574,0.008498975409836065,-291.77609805086655,653.8008208535206,-128.65393636405568,0.247933
-0.004945590117421265,-0.9907030433477078,-0.000528881562132627,-0.11540727459016153,0.20739754098360574,0.008498975409836065,-291.77609805086655,653.8008208535206,-128.65393636405568,0.248871
0.005013958267721445,-0.9807424115817027,0.00937864998733659,0.014592725409841023,0.20739754098360574,0.008498975409836065,-307.2106510626149,650.8096993269634,-131.1122454007351,0.2507
0.005013958267721445,-0.9807424115817027,0.00937864998733659,0.014592725409841023,0.20739754098360574,0.008498975409836065,-307.2106510626149,650.8096993269634,-131.1122454007351,0.251605
0.005013958267721445,-0.9807424115817027,0.00937864998733659,0.014592725409841023,0.20739754098360574,0.008498975409836065,-307.2106510626149,650.8096993269634,-131.1122454007351,0.252517
0.005013958267721445,-0.9807424115817027,0.00937864998733659,0.014592725409841023,0.32739754098360585,0.06849897540983606,-307.2106510626149,650.8096993269634,-131.1122454007351,0.254054
0.005013958267721445,-0.9807424115817027,0.00937864998733659,0.014592725409841023,0.32739754098360585,0.06849897540983606,-307.2106510626149,650.8096993269634,-131.1122454007351,0.254971
0.005013958267721445,-0.9807424115817027,0.00937864998733659,0.13459272540983847,0.32739754098360585,0.12849897540983607,-307.2106510626149,650.8096993269634,-131.1122454007351,0.256497
0.005013958267721445,-0.9807424115817027,0.00937864998733659,0.13459272540983847,0.32739754098360585,0.12849897540983607,-307.2106510626149,650.8096993269634,-131.1122454007351,0.257405
0.005013958267721445,-0.9807424115817027,0.00937864998733659,0.13459272540983847,0.32739754098360585,0.12849897540983607,-307.2106510626149,650.8096993269634,-131.1122454007351,0.258322
0.005013958267721445,-0.9907030433477078,0.00937864998733659,0.07459272540983974,0.32739754098360585,0.18849897540983607,-307.2106510626149,650.8096993269634,-131.1122454007351,0.259848
0.005013958267721445,-0.9907030433477078,0.00937864998733659,0.07459272540983974,0.32739754098360585,0.18849897540983607,-307.2106510626149,650.8096993269634,-131.1122454007351,0.260757
0.005013958267721445,-0.9907030433477078,0.00937864998733659,0.07459272540983974,0.32739754098360585,0.18849897540983607,-307.2106510626149,650.8096993269634,-131.1122454007351,0.261667
0.005013958267721445,-1.0006636751137128,0.00937864998733659,0.014592725409841023,0.32739754098360585,0.31849897540983607,-298.40867744452976,666.4439721083012,-122.04794897722034,0.263494
0.005013958267721445,-1.0006636751137128,0.00937864998733659,0.014592725409841023,0.32739754098360585,0.31849897540983607,-298.40867744452976,666.4439721083012,-122.04794897722034,0.264399
-0.004945590117421265,-1.0006636751137128,0.00937864998733659,0.07459272540983974,0.26739754098360624,0.24849897540983606,-298.40867744452976,666.4439721083012,-122.04794897722034,0.265931
-0.004945590117421265,-1.0006636751137128,0.00937864998733659,0.07459272540983974,0.26739754098360624,0.24849897540983606,-298.40867744452976,666.4439721083012,-122.04794897722034,0.266852
-0.004945590117421265,-1.0106243068797178,0.00937864998733659,0.13459272540983847,0.26739754098360624,0.24849897540983606,-298.40867744452976,666.4439721083012,-122.04794897722034,0.268375
-0.004945590117421265,-1.0106243068797178,0.00937864998733659,0.13459272540983847,0.26739754098360624,0.24849897540983606,-298.40867744452976,666.4439721083012,-122.04794897722034,0.26929
-0.004945590117421265,-1.0106243068797178,0.00937864998733659,0.13459272540983847,0.26739754098360624,0.24849897540983606,-298.40867744452976,666.4439721083012,-122.04794897722034,0.270199
-0.004945590117421265,-1.0106243068797178,0.00937864998733659,0.19459272540984074,0.32739754098360585,0.24849897540983606,-282.45787988167496,644.2659260662932,-125.88129775138277,0.272029
-0.004945590117421265,-1.0106243068797178,0.00937864998733659,0.19459272540984074,0.32739754098360585,0.24849897540983606,-282.45787988167496,644.2659260662932,-125.88129775138277,0.272942
-0.004945590117421265,-1.0106243068797178,0.00937864998733659,0.07459272540983974,0.32739754098360585,0.12849897540983607,-282.45787988167496,644.2659260662932,-125.88129775138277,0.274468
-0.004945590117421265,-1.0106243068797178,0.00937864998733659,0.07459272540983974,0.32739754098360585,0.12849897540983607,-282.45787988167496,644.2659260662932,-125.88129775138277,0.275381
-0.004945590117421265,-1.0106243068797178,0.00937864998733659,0.07459272540983974,0.32739754098360585,0.12849897540983607,-282.45787988167496,644.2659260662932,-125.88129775138277,0.276296
-0.004945590117421265,-1.0106243068797178,0.00937864998733659,0.014592725409841023,0.38739754098360635,0.12849897540983607,-282.45787988167496,644.2659260662932,-125.88129775138277,0.277828
-0.004945590117421265,-1.0106243068797178,0.00937864998733659,0.014592725409841023,0.38739754098360635,0.12849897540983607,-282.45787988167496,644.2659260662932,-125.88129775138277,0.278733
-0.004945590117421265,-1.0106243068797178,0.00937864998733659,0.014592725409841023,0.38739754098360635,0.12849897540983607,-282.45787988167496,644.2659260662932,-125.88129775138277,0.279635
-0.004945590117421265,-1.0106243068797178,0.00937864998733659,-0.05540727459015926,0.32739754098360585,0.12849897540983607,-300.90880078415637,644.4614949955494,-131.38397672120718,0.281462
-0.004945590117421265,-1.0106243068797178,0.00937864998733659,-0.05540727459015926,0.32739754098360585,0.12849897540983607,-300.90880078415637,644.4614949955494,-131.38397672120718,0.282371
-0.004945590117421265,-1.0106243068797178,0.019286181536805808,-0.11540727459016153,0.32739754098360585,0.12849897540983607,-300.90880078415637,644.4614949955494,-131.38397672120718,0.283903
-0.004945590117421265,-1.0106243068797178,0.019286181536805808,-0.11540727459016153,0.32739754098360585,0.12849897540983607,-300.90880078415637,644.4614949955494,-131.38397672120718,0.28482
-0.004945590117421265,-1.0006636751137128,0.00937864998733659,-0.11540727459016153,0.26739754098360624,0.008498975409836065,-300.90880078415637,644.4614949955494,-131.38397672120718,0.286342
-0.004945590117421265,-1.0006636751137128,0.00937864998733659,-0.11540727459016153,0.26739754098360624,0.008498975409836065,-300.90880078415637,644.4614949955494,-131.38397672120718,0.287264
-0.004945590117421265,-1.0006636751137128,0.00937864998733659,-0.11540727459016153,0.26739754098360624,0.008498975409836065,-300.90880078415637,644.4614949955494,-131.38397672120718,0.288175
-0.004945590117421265,-1.0006636751137128,0.00937864998733659,-0.11540727459016153,0.32739754098360585,0.008498975409836065,-300.90880078415637,644.4614949955494,-131.38397672120718,0.289696
-0.004945590117421265,-1.0006636751137128,0.00937864998733659,-0.11540727459016153,0.32739754098360585,0.008498975409836065,-300.90880078415637,644.4614949955494,-131.38397672120718,0.290615
-0.004945590117421265,-1.0006636751137128,0.00937864998733659,-0.11540727459016153,0.32739754098360585,0.008498975409836065,-300.90880078415637,644.4614949955494,-131.38397672120718,0.291514
0.005013958267721445,-0.9907030433477078,0.00937864998733659,-0.17540727459016026,0.26739754098360624,-0.05150102459016393,-288.6547710230973,612.8406024208435,-119.23576821009246,0.293351
0.005013958267721445,-0.9907030433477078,0.00937864998733659,-0.17540727459016026,0.26739754098360624,-0.05150102459016393,-288.6547710230973,612.8406024208435,-119.23576821009246,0.294249
0.005013958267721445,-0.9907030433477078,0.019286181536805808,-0.11540727459016153,0.26739754098360624,-0.05150102459016393,-288.6547710230973,612.8406024208435,-119.23576821009246,0.295794
0.005013958267721445,-0.9907030433477078,0.019286181536805808,-0.11540727459016153,0.26739754098360624,-0.05150102459016393,-288.6547710230973,612.8406024208435,-119.23576821009246,0.296724
0.005013958267721445,-0.9907030433477078,0.019286181536805808,-0.11540727459016153,0.26739754098360624,-0.05150102459016393,-288.6547710230973,612.8406024208435,-119.23576821009246,0.297653
0.005013958267721445,-0.9907030433477078,0.019286181536805808,0.014592725409841023,0.32739754098360585,0.008498975409836065,-288.6547710230973,612.8406024208435,-119.23576821009246,0.299177
0.005013958267721445,-0.9907030433477078,0.019286181536805808,0.014592725409841023,0.32739754098360585,0.008498975409836065,-288.6547710230973,612.8406024208435,-119.23576821009246,0.300081
0.005013958267721445,-0.9907030433477078,0.00937864998733659,0.014592725409841023,0.26739754098360624,0.06849897540983606,-300.76451775537925,657.0579672276781,-137.74288614728144,0.301921
0.005013958267721445,-0.9907030433477078,0.00937864998733659,0.014592725409841023,0.26739754098360624,0.06849897540983606,-300.76451775537925,657.0579672276781,-137.74288614728144,0.302833
0.005013958267721445,-0.9907030433477078,0.00937864998733659,0.07459272540983974,0.20739754098360574,0.06849897540983606,-300.76451775537925,657.0579672276781,-137.74288614728144,0.304364
0.005013958267721445,-0.9907030433477078,0.00937864998733659,0.07459272540983974,0.20739754098360574,0.06849897540983606,-300.76451775537925,657.0579672276781,-137.74288614728144,0.305269
0.005013958267721445,-0.9907030433477078,0.00937864998733659,0.07459272540983974,0.20739754098360574,0.06849897540983606,-300.76451775537925,657.0579672276781,-137.74288614728144,0.306185
0.005013958267721445,-0.9907030433477078,0.00937864998733659,0.07459272540983974,0.26739754098360624,0.12849897540983607,-300.76451775537925,657.0579672276781,-137.74288614728144,0.307722
0.005013958267721445,-0.9907030433477078,0.00937864998733659,0.07459272540983974,0.26739754098360624,0.12849897540983607,-300.76451775537925,657.0579672276781,-137.74288614728144,0.308623
0.005013958267721445,-0.9907030433477078,0.00937864998733659,0.07459272540983974,0.26739754098360624,0.12849897540983607,-300.76451775537925,657.0579672276781,-137.74288614728144,0.309523
-0.004945590117421265,-0.9907030433477078,0.00937864998733659,0.07459272540983974,0.26739754098360624,0.31849897540983607,-300.8465954353574,638.1586149491399,-131.37575144349137,0.311332
-0.004945590117421265,-0.9907030433477078,0.00937864998733659,0.07459272540983974,0.26739754098360624,0.31849897540983607,-300.8465954353574,638.1586149491399,-131.37575144349137,0.31224
0.005013958267721445,-0.9807424115817027,0.019286181536805808,0.07459272540983974,0.26739754098360624,0.31849897540983607,-300.8465954353574,638.1586149491399,-131.37575144349137,0.313771
0.005013958267721445,-0.9807424115817027,0.019286181536805808,0.07459272540983974,0.26739754098360624,0.31849897540983607,-300.8465954353574,638.1586149491399,-131.37575144349137,0.314691
0.005013958267721445,-0.9807424115817027,0.019286181536805808,0.07459272540983974,0.26739754098360624,0.31849897540983607,-300.8465954353574,638.1586149491399,-131.37575144349137,0.315614
0.005013958267721445,-0.9907030433477078,0.019286181536805808,0.13459272540983847,0.32739754098360585,0.31849897540983607,-300.8465954353574,638.1586149491399,-131.37575144349137,0.317154
0.005013958267721445,-0.9907030433477078,0.019286181536805808,0.13459272540983847,0.32739754098360585,0.31849897540983607,-300.8465954353574,638.1586149491399,-131.37575144349137,0.318068
0.005013958267721445,-1.0006636751137128,0.019286181536805808,0.13459272540983847,0.32739754098360585,0.31849897540983607,-300.8465954353574,638.1586149491399,-131.37575144349137,0.3196
0.005013958267721445,-1.0006636751137128,0.019286181536805808,0.13459272540983847,0.32739754098360585,0.31849897540983607,-300.8465954353574,638.1586149491399,-131.37575144349137,0.320519
0.005013958267721445,-1.0006636751137128,0.019286181536805808,0.13459272540983847,0.32739754098360585,0.31849897540983607,-300.8465954353574,638.1586149491399,-131.37575144349137,0.32142
-0.004945590117421265,-1.0106243068797178,0.019286181536805808,0.07459272540983974,0.32739754098360585,0.43849897540983607,-294.6067805457284,638.0960696804021,-131.6556855682429,0.323261
-0.004945590117421265,-1.0106243068797178,0.019286181536805808,0.07459272540983974,0.32739754098360585,0.43849897540983607,-294.6067805457284,638.0960696804021,-131.6556855682429,0.324171
0.005013958267721445,-1.0106243068797178,0.019286181536805808,0.07459272540983974,0.26739754098360624,0.24849897540983606,-294.6067805457284,638.0960696804021,-131.6556855682429,0.330073
0.005013958267721445,-0.9907030433477078,0.00937864998733659,0.07459272540983974,0.20739754098360574,0.18849897540983607,-301.4651299175599,619.2606398816856,-112.34164389422627,0.331907
0.005013958267721445,-0.9907030433477078,0.00937864998733659,0.07459272540983974,0.20739754098360574,0.18849897540983607,-301.4651299175599,619.2606398816856,-112.34164389422627,0.332817
0.005013958267721445,-1.0106243068797178,0.019286181536805808,0.13459272540983847,0.20739754098360574,0.24849897540983606,-301.4651299175599,619.2606398816856,-112.34164389422627,0.334342
0.005013958267721445,-1.0106243068797178,0.019286181536805808,0.13459272540983847,0.20739754098360574,0.24849897540983606,-301.4651299175599,619.2606398816856,-112.34164389422627,0.335261
0.005013958267721445,-1.0106243068797178,0.019286181536805808,0.13459272540983847,0.20739754098360574,0.24849897540983606,-301.4651299175599,619.2606398816856,-112.34164389422627,0.336171
0.005013958267721445,-1.0205849386457229,0.019286181536805808,0.014592725409841023,0.20739754098360574,0.18849897540983607,-301.4651299175599,619.2606398816856,-112.34164389422627,0.337689
0.005013958267721445,-1.0205849386457229,0.019286181536805808,0.014592725409841023,0.20739754098360574,0.18849897540983607,-301.4651299175599,619.2606398816856,-112.34164389422627,0.338596
0.005013958267721445,-1.0205849386457229,0.019286181536805808,0.014592725409841023,0.20739754098360574,0.18849897540983607,-301.4651299175599,619.2606398816856,-112.34164389422627,0.339504
0.005013958267721445,-1.0106243068797178,0.019286181536805808,-0.11540727459016153,0.14739754098360613,0.12849897540983607,-311.52612330658246,622.4860987105445,-96.09660303962934,0.341334
0.005013958267721445,-1.0106243068797178,0.019286181536805808,-0.11540727459016153,0.14739754098360613,0.12849897540983607,-311.52612330658246,622.4860987105445,-96.09660303962934,0.342241
0.005013958267721445,-1.0106243068797178,0.019286181536805808,-0.05540727459015926,0.08739754098360653,0.008498975409836065,-311.52612330658246,622.4860987105445,-96.09660303962934,0.343759
0.005013958267721445,-1.0106243068797178,0.019286181536805808,-0.05540727459015926,0.08739754098360653,0.008498975409836065,-311.52612330658246,622.4860987105445,-96.09660303962934,0.344665
0.005013958267721445,-1.0106243068797178,0.019286181536805808,-0.05540727459015926,0.08739754098360653,0.008498975409836065,-311.52612330658246,622.4860987105445,-96.09660303962934,0.34557
0.005013958267721445,-1.0006636751137128,0.019286181536805808,-0.05540727459015926,0.027397540983606028,0.06849897540983606,-311.52612330658246,622.4860987105445,-96.09660303962934,0.347095
0.005013958267721445,-1.0006636751137128,0.019286181536805808,-0.05540727459015926,0.027397540983606028,0.06849897540983606,-311.52612330658246,622.4860987105445,-96.09660303962934,0.348013
0.005013958267721445,-0.9907030433477078,0.00937864998733659,-0.05540727459015926,0.08739754098360653,0.06849897540983606,-311.52612330658246,622.4860987105445,-96.09660303962934,0.349533
0.005013958267721445,-0.9907030433477078,0.00937864998733659,-0.05540727459015926,0.08739754098360653,0.06849897540983606,-311.52612330658246,622.4860987105445,-96.09660303962934,0.35044
0.005013958267721445,-0.9907030433477078,0.00937864998733659,-0.05540727459015926,0.08739754098360653,0.06849897540983606,-311.52612330658246,622.4860987105445,-96.09660303962934,0.351351
0.005013958267721445,-0.9907030433477078,0.00937864998733659,0.014592725409841023,0.14739754098360613,0.12849897540983607,-285.41204242360897,641.1497364756971,-128.91744240681192,0.353182
0.005013958267721445,-0.9907030433477078,0.00937864998733659,0.014592725409841023,0.14739754098360613,0.12849897540983607,-285.41204242360897,641.1497364756971,-128.91744240681192,0.354095
0.005013958267721445,-0.9707817798156977,0.00937864998733659,0.19459272540984074,0.08739754098360653,0.12849897540983607,-285.41204242360897,641.1497364756971,-128.91744240681192,0.355626
0.005013958267721445,-0.9707817798156977,0.00937864998733659,0.19459272540984074,0.08739754098360653,0.12849897540983607,-285.41204242360897,641.1497364756971,-128.91744240681192,0.356531
0.005013958267721445,-0.9707817798156977,0.00937864998733659,0.19459272540984074,0.08739754098360653,0.12849897540983607,-285.41204242360897,641.1497364756971,-128.91744240681192,0.357449
0.005013958267721445,-0.9408998845176826,0.00937864998733659,0.19459272540984074,0.08739754098360653,0.18849897540983607,-285.41204242360897,641.1497364756971,-128.91744240681192,0.358974
0.005013958267721445,-0.9408998845176826,0.00937864998733659,0.19459272540984074,0.08739754098360653,0.18849897540983607,-285.41204242360897,641.1497364756971,-128.91744240681192,0.359887
0.005013958267721445,-0.9408998845176826,0.019286181536805808,0.37459272540984045,0.027397540983606028,0.31849897540983607,-288.18068952964126,619.1593262399024,-131.91098880671967,0.36172
0.005013958267721445,-0.9408998845176826,0.019286181536805808,0.37459272540984045,0.027397540983606028,0.31849897540983607,-288.18068952964126,619.1593262399024,-131.91098880671967,0.362634
0.005013958267721445,-0.9408998845176826,0.019286181536805808,0.37459272540984045,0.027397540983606028,0.31849897540983607,-288.18068952964126,619.1593262399024,-131.91098880671967,0.363533
0.014973506652864153,-0.9707817798156977,0.02919371308627501,0.4945927254098379,0.027397540983606028,0.5584989754098361,-288.18068952964126,619.1593262399024,-131.91098880671967,0.365063
0.014973506652864153,-0.9707817798156977,0.02919371308627501,0.4945927254098379,0.027397540983606028,0.5584989754098361,-288.18068952964126,619.1593262399024,-131.91098880671967,0.365985
0.024933055038006864,-0.9907030433477078,0.09854643393255952,0.25459272540983946,0.5173975409836062,0.738498975409836,-288.18068952964126,619.1593262399024,-131.91098880671967,0.367505
0.024933055038006864,-0.9907030433477078,0.09854643393255952,0.25459272540983946,0.5173975409836062,0.738498975409836,-288.18068952964126,619.1593262399024,-131.91098880671967,0.36841
0.024933055038006864,-0.9907030433477078,0.09854643393255952,0.25459272540983946,0.5173975409836062,0.738498975409836,-288.18068952964126,619.1593262399024,-131.91098880671967,0.369318
0.08469034534886312,-1.0006636751137128,0.306604596471413,-1.0854072745901604,3.5073975409836056,0.49849897540983606,-291.3840942373887,641.2201923940412,-134.9620222568927,0.371146
0.08469034534886312,-1.0006636751137128,0.306604596471413,-1.0854072745901604,3.5073975409836056,0.49849897540983606,-291.3840942373887,641.2201923940412,-134.9620222568927,0.37205
0.0747307969637204,-0.9508605162836876,0.46512510126292045,-2.6754072745901603,8.817397540983606,-0.23150102459016392,-291.3840942373887,641.2201923940412,-134.9620222568927,0.373591
0.0747307969637204,-0.9508605162836876,0.46512510126292045,-2.6754072745901603,8.817397540983606,-0.23150102459016392,-291.3840942373887,641.2201923940412,-134.9620222568927,0.374511
0.0747307969637204,-0.9508605162836876,0.46512510126292045,-2.6754072745901603,8.817397540983606,-0.23150102459016392,-291.3840942373887,641.2201923940412,-134.9620222568927,0.375414
0.024933055038006864,-0.8612148303896423,0.41558744351557436,-8.77540727459016,10.827397540983606,-2.001501024590164,-291.3840942373887,641.2201923940412,-134.9620222568927,0.376941
0.024933055038006864,-0.8612148303896423,0.41558744351557436,-8.77540727459016,10.827397540983606,-2.001501024590164,-291.3840942373887,641.2201923940412,-134.9620222568927,0.377844
-0.07466242881342022,-0.9209786209856725,0.19762174942725166,-25.13540727459016,6.247397540983606,-6.761501024590164,-291.3840942373887,641.2201923940412,-134.9620222568927,0.379385
-0.07466242881342022,-0.9209786209856725,0.19762174942725166,-25.13540727459016,6.247397540983606,-6.761501024590164,-291.3840942373887,641.2201923940412,-134.9620222568927,0.38032
-0.07466242881342022,-0.9209786209856725,0.19762174942725166,-25.13540727459016,6.247397540983606,-6.761501024590164,-291.3840942373887,641.2201923940412,-134.9620222568927,0.381266
-0.12446017073913378,-1.140112519837783,-0.020343944661071048,-42.535407274590156,-7.602602459016394,-8.411501024590164,-269.9330007723398,637.8381254423776,-126.4321800326136,0.383141
-0.12446017073913378,-1.140112519837783,-0.020343944661071048,-42.535407274590156,-7.602602459016394,-8.411501024590164,-269.9330007723398,637.8381254423776,-126.4321800326136,0.384103
-0.054743332043134814,-1.150073151603788,0.05891630773468266,-39.05540727459016,-27.382602459016397,-3.291501024590164,-269.9330007723398,637.8381254423776,-126.4321800326136,0.385681
-0.054743332043134814,-1.150073151603788,0.05891630773468266,-39.05540727459016,-27.382602459016397,-3.291501024590164,-269.9330007723398,637.8381254423776,-126.4321800326136,0.386645
-0.054743332043134814,-1.150073151603788,0.05891630773468266,-39.05540727459016,-27.382602459016397,-3.291501024590164,-269.9330007723398,637.8381254423776,-126.4321800326136,0.387612
0.08469034534886312,-1.1201912563057732,0.22734434407565932,-23.85540727459016,-40.322602459016395,-1.581501024590164,-269.9330007723398,637.8381254423776,-126.4321800326136,0.389166
0.08469034534886312,-1.1201912563057732,0.22734434407565932,-23.85540727459016,-40.322602459016395,-1.581501024590164,-269.9330007723398,637.8381254423776,-126.4321800326136,0.390097
0.1842858292002902,-1.1201912563057732,0.2867895333724746,-1.885407274590161,-43.252602459016394,-0.781501024590164,-298.9449642867847,666.4281283356519,-109.38095365830905,0.391948
0.1842858292002902,-1.1201912563057732,0.2867895333724746,-1.885407274590161,-43.252602459016394,-0.781501024590164,-298.9449642867847,666.4281283356519,-109.38095365830905,0.392867
0.20420492597057563,-1.1998763104338133,0.20752928097672085,23.63459272540984,-42.9426024590164,-0.23150102459016392,-298.9449642867847,666.4281283356519,-109.38095365830905,0.394403
0.20420492597057563,-1.1998763104338133,0.20752928097672085,23.63459272540984,-42.9426024590164,-0.23150102459016392,-298.9449642867847,666.4281283356519,-109.38095365830905,0.395338
0.20420492597057563,-1.1998763104338133,0.20752928097672085,23.63459272540984,-42.9426024590164,-0.23150102459016392,-298.9449642867847,666.4281283356519,-109.38095365830905,0.396252
0.20420492597057563,-1.060427465709743,0.10845396548202874,39.80459272540984,-44.65260245901639,4.588498975409836,-298.9449642867847,666.4281283356519,-109.38095365830905,0.397779
0.20420492597057563,-1.060427465709743,0.10845396548202874,39.80459272540984,-44.65260245901639,4.588498975409836,-298.9449642867847,666.4281283356519,-109.38095365830905,0.398694
0.1842858292002902,-0.9707817798156977,0.02919371308627501,40.17459272540984,-48.3726024590164,7.938498975409836,-298.9449642867847,666.4281283356519,-109.38095365830905,0.40023
0.1842858292002902,-0.9707817798156977,0.02919371308627501,40.17459272540984,-48.3726024590164,7.938498975409836,-298.9449642867847,666.4281283356519,-109.38095365830905,0.401162
0.1842858292002902,-0.9707817798156977,0.02919371308627501,40.17459272540984,-48.3726024590164,7.938498975409836,-298.9449642867847,666.4281283356519,-109.38095365830905,0.402088
0.1842858292002902,-0.8711754621556473,-0.040159007760009496,32.90459272540984,-53.322602459016395,6.418498975409836,-284.67002789433434,647.459149960629,-147.91715450483508,0.403931
0.1842858292002902,-0.8711754621556473,-0.040159007760009496,32.90459272540984,-53.322602459016395,6.418498975409836,-284.67002789433434,647.459149960629,-147.91715450483508,0.404859
0.1743262808151475,-0.8811360939216524,-0.0599740708589479,20.034592725409837,-58.2026024590164,3.3084989754098357,-284.67002789433434,647.459149960629,-147.91715450483508,0.406394
0.1743262808151475,-0.8811360939216524,-0.0599740708589479,20.034592725409837,-58.2026024590164,3.3084989754098357,-284.67002789433434,647.459149960629,-147.91715450483508,0.407313
0.1743262808151475,-0.8811360939216524,-0.0599740708589479,20.034592725409837,-58.2026024590164,3.3084989754098357,-284.67002789433434,647.459149960629,-147.91715450483508,0.408233
0.1544071840448621,-0.9010573574536624,-0.06988160240841712,9.774592725409839,-62.782602459016395,1.958498975409836,-284.67002789433434,647.459149960629,-147.91715450483508,0.409773
0.1544071840448621,-0.9010573574536624,-0.06988160240841712,9.774592725409839,-62.782602459016395,1.958498975409836,-284.67002789433434,647.459149960629,-147.91715450483508,0.410672
0.1544071840448621,-0.9010573574536624,-0.06988160240841712,9.774592725409839,-62.782602459016395,1.958498975409836,-284.67002789433434,647.459149960629,-147.91715450483508,0.411591
0.12452853888943397,-0.9408998845176826,-0.07978913395788634,3.55459272540984,-64.3026024590164,0.738498975409836,-289.0475355271314,625.4212084068864,-112.90971494800876,0.413428
0.12452853888943397,-0.9408998845176826,-0.07978913395788634,3.55459272540984,-64.3026024590164,0.738498975409836,-289.0475355271314,625.4212084068864,-112.90971494800876,0.414362
0.08469034534886312,-1.0106243068797178,-0.13923432325470161,2.14459272540984,-64.98260245901639,0.49849897540983606,-289.0475355271314,625.4212084068864,-112.90971494800876,0.415911
0.08469034534886312,-1.0106243068797178,-0.13923432325470161,2.14459272540984,-64.98260245901639,0.49849897540983606,-289.0475355271314,625.4212084068864,-112.90971494800876,0.416823
0.12452853888943397,-0.9209786209856725,-0.32747742269461666,5.444592725409841,-67.17260245901639,0.858498975409836,-289.0475355271314,625.4212084068864,-112.90971494800876,0.418371
0.12452853888943397,-0.9209786209856725,-0.32747742269461666,5.444592725409841,-67.17260245901639,0.858498975409836,-289.0475355271314,625.4212084068864,-112.90971494800876,0.419296
0.12452853888943397,-0.9209786209856725,-0.32747742269461666,5.444592725409841,-67.17260245901639,0.858498975409836,-289.0475355271314,625.4212084068864,-112.90971494800876,0.420229
0.29384086143686,-0.9807424115817027,-0.6940560900249777,1.3545927254098409,-68.2726024590164,0.24849897540983606,-286.36113606104675,628.5294873478762,-103.5490563177472,0.42207
0.29384086143686,-0.9807424115817027,-0.6940560900249777,1.3545927254098409,-68.2726024590164,0.24849897540983606,-286.36113606104675,628.5294873478762,-103.5490563177472,0.423008
0.32371950659228815,-0.9707817798156977,-0.8030389370691391,-2.43540727459016,-65.59260245901639,-0.3015010245901639,-286.36113606104675,628.5294873478762,-103.5490563177472,0.424551
0.32371950659228815,-0.9707817798156977,-0.8030389370691391,-2.43540727459016,-65.59260245901639,-0.3015010245901639,-286.36113606104675,628.5294873478762,-103.5490563177472,0.425486
0.32371950659228815,-0.9707817798156977,-0.8030389370691391,-2.43540727459016,-65.59260245901639,-0.3015010245901639,-286.36113606104675,628.5294873478762,-103.5490563177472,0.426417
0.22412402274086105,-1.0205849386457229,-0.4859979274861241,-5.545407274590161,-54.602602459016396,-0.721501024590164,-286.36113606104675,628.5294873478762,-103.5490563177472,0.427975
0.22412402274086105,-1.0205849386457229,-0.4859979274861241,-5.545407274590161,-54.602602459016396,-0.721501024590164,-286.36113606104675,628.5294873478762,-103.5490563177472,0.428917
0.22412402274086105,-0.9508605162836876,-0.4859979274861241,-6.45540727459016,-30.37260245901639,-1.031501024590164,-286.36113606104675,628.5294873478762,-103.5490563177472,0.430478
0.22412402274086105,-0.9508605162836876,-0.4859979274861241,-6.45540727459016,-30.37260245901639,-1.031501024590164,-286.36113606104675,628.5294873478762,-103.5490563177472,0.431404
0.22412402274086105,-0.9508605162836876,-0.4859979274861241,-6.45540727459016,-30.37260245901639,-1.031501024590164,-286.36113606104675,628.5294873478762,-103.5490563177472,0.432327
0.2440431195111465,-1.0106243068797178,-0.6841485584755085,-15.12540727459016,1.7973975409836065,-4.751501024590164,-296.34064250067814,650.6370549981035,-93.65316032425731,0.434175
0.2440431195111465,-1.0106243068797178,-0.6841485584755085,-15.12540727459016,1.7973975409836065,-4.751501024590164,-296.34064250067814,650.6370549981035,-93.65316032425731,0.435091
0.11456899050429126,-1.1899156786678082,-0.6346109007281624,-28.91540727459016,31.6973975409836,-14.521501024590163,-296.34064250067814,650.6370549981035,-93.65316032425731,0.436649
0.11456899050429126,-1.1899156786678082,-0.6346109007281624,-28.91540727459016,31.6973975409836,-14.521501024590163,-296.34064250067814,650.6370549981035,-93.65316032425731,0.437587
0.11456899050429126,-1.1899156786678082,-0.6346109007281624,-28.91540727459016,31.6973975409836,-14.521501024590163,-296.34064250067814,650.6370549981035,-93.65316032425731,0.438522
-0.024864686887706683,-1.2596401010298435,-0.4463678012882473,-37.95540727459016,51.23739754098361,-29.231501024590163,-296.34064250067814,650.6370549981035,-93.65316032425731,0.440091
-0.024864686887706683,-1.2596401010298435,-0.4463678012882473,-37.95540727459016,51.23739754098361,-29.231501024590163,-296.34064250067814,650.6370549981035,-93.65316032425731,0.441045
-0.024864686887706683,-1.3393251551578838,-0.28784729649673985,-44.97540727459016,59.7773975409836,-48.57150102459016,-298.96500657793325,641.2431169944374,-103.00561615023943,0.442906
-0.024864686887706683,-1.3393251551578838,-0.28784729649673985,-44.97540727459016,59.7773975409836,-48.57150102459016,-298.96500657793325,641.2431169944374,-103.00561615023943,0.443845
0.054811700193434995,-1.2994826280938636,-0.15904938635364008,-51.19540727459016,61.8573975409836,-68.29150102459016,-298.96500657793325,641.2431169944374,-103.00561615023943,0.44539
0.054811700193434995,-1.2994826280938636,-0.15904938635364008,-51.19540727459016,61.8573975409836,-68.29150102459016,-298.96500657793325,641.2431169944374,-103.00561615023943,0.446323
0.054811700193434995,-1.2994826280938636,-0.15904938635364008,-51.19540727459016,61.8573975409836,-68.29150102459016,-298.96500657793325,641.2431169944374,-103.00561615023943,0.44726
0.1743262808151475,-1.2895219963278586,-0.08969666550735556,-55.34540727459016,58.6173975409836,-90.93150102459016,-298.96500657793325,641.2431169944374,-103.00561615023943,0.448812
0.1743262808151475,-1.2895219963278586,-0.08969666550735556,-55.34540727459016,58.6173975409836,-90.93150102459016,-298.96500657793325,641.2431169944374,-103.00561615023943,0.449743
0.25400266789628917,-1.3293645233918787,-0.06988160240841712,-56.32540727459016,51.59739754098361,-114.06150102459016,-294.48253980809983,625.5075305713164,-131.6392574862476,0.451596
0.25400266789628917,-1.3293645233918787,-0.06988160240841712,-56.32540727459016,51.59739754098361,-114.06150102459016,-294.48253980809983,625.5075305713164,-131.6392574862476,0.452538
0.25400266789628917,-1.3293645233918787,-0.06988160240841712,-56.32540727459016,51.59739754098361,-114.06150102459016,-294.48253980809983,625.5075305713164,-131.6392574862476,0.453482
0.2639622162814319,-1.2098369421998183,-0.050066539309478686,-52.11540727459016,40.7973975409836,-132.25150102459014,-294.48253980809983,625.5075305713164,-131.6392574862476,0.455047
0.2639622162814319,-1.2098369421998183,-0.050066539309478686,-52.11540727459016,40.7973975409836,-132.25150102459014,-294.48253980809983,625.5075305713164,-131.6392574862476,0.455989
0.29384086143686,-1.1201912563057732,-0.020343944661071048,-45.21540727459016,25.477397540983603,-146.60150102459016,-294.48253980809983,625.5075305713164,-131.6392574862476,0.457545
0.29384086143686,-1.1201912563057732,-0.020343944661071048,-45.21540727459016,25.477397540983603,-146.60150102459016,-294.48253980809983,625.5075305713164,-131.6392574862476,0.458486
0.29384086143686,-1.1201912563057732,-0.020343944661071048,-45.21540727459016,25.477397540983603,-146.60150102459016,-294.48253980809983,625.5075305713164,-131.6392574862476,0.459419
0.35359815174771625,-1.070388097475748,0.02919371308627501,-38.31540727459016,6.127397540983607,-156.55150102459015,-294.48253980809983,625.5075305713164,-131.6392574862476,0.460987
0.35359815174771625,-1.070388097475748,0.02919371308627501,-38.31540727459016,6.127397540983607,-156.55150102459015,-294.48253980809983,625.5075305713164,-131.6392574862476,0.461927
0.44323408721400065,-1.0106243068797178,0.09854643393255952,-31.84540727459016,-16.942602459016392,-161.86150102459015,-302.1256574974434,631.8333352181221,-99.69107665731015,0.463793
0.44323408721400065,-1.0106243068797178,0.09854643393255952,-31.84540727459016,-16.942602459016392,-161.86150102459015,-302.1256574974434,631.8333352181221,-99.69107665731015,0.464746
0.5727082162208559,-0.9807424115817027,0.12826902858096717,-25.62540727459016,-41.2326024590164,-164.05150102459015,-302.1256574974434,631.8333352181221,-99.69107665731015,0.466317
0.5727082162208559,-0.9807424115817027,0.12826902858096717,-25.62540727459016,-41.2326024590164,-164.05150102459015,-302.1256574974434,631.8333352181221,-99.69107665731015,0.467294
0.5727082162208559,-0.9807424115817027,0.12826902858096717,-25.62540727459016,-41.2326024590164,-164.05150102459015,-302.1256574974434,631.8333352181221,-99.69107665731015,0.468236
0.7420205387682819,-0.9408998845176826,0.11836149703149795,-20.06540727459016,-64.3026024590164,-162.77150102459015,-302.1256574974434,631.8333352181221,-99.69107665731015,0.46975
0.7420205387682819,-0.9408998845176826,0.11836149703149795,-20.06540727459016,-64.3026024590164,-162.77150102459015,-302.1256574974434,631.8333352181221,-99.69107665731015,0.470676
0.9511710548562788,-0.8811360939216524,0.1381765601304364,-15.98540727459016,-84.81260245901639,-163.26150102459016,-345.3324358532915,613.3874961068645,-104.05012645897375,0.472524
0.9511710548562788,-0.8811360939216524,0.1381765601304364,-15.98540727459016,-84.81260245901639,-163.26150102459016,-345.3324358532915,613.3874961068645,-104.05012645897375,0.473455
0.9511710548562788,-0.8811360939216524,0.1381765601304364,-15.98540727459016,-84.81260245901639,-163.26150102459016,-345.3324358532915,613.3874961068645,-104.05012645897375,0.474383
1.110523829018562,-0.9110179892196675,0.16789915477884404,-12.44540727459016,-99.5826024590164,-167.53150102459014,-345.3324358532915,613.3874961068645,-104.05012645897375,0.475935
1.110523829018562,-0.9110179892196675,0.16789915477884404,-12.44540727459016,-99.5826024590164,-167.53150102459014,-345.3324358532915,613.3874961068645,-104.05012645897375,0.476865
1.2101193128699892,-0.8811360939216524,0.19762174942725166,-8.65540727459016,-107.8226024590164,-167.29150102459016,-345.3324358532915,613.3874961068645,-104.05012645897375,0.478414
-0.004945590117421265,-0.9907030433477078,-0.000528881562132627,0.13459272540983847,0.5773975409836059,0.06849897540983606,-254.4162001206439,659.7113782637396,-130.34098322628788,12.014667
-0.004945590117421265,-0.9907030433477078,-0.000528881562132627,0.13459272540983847,0.5773975409836059,0.06849897540983606,-254.4162001206439,659.7113782637396,-130.34098322628788,12.015554
-0.004945590117421265,-0.9907030433477078,-0.000528881562132627,0.13459272540983847,0.5773975409836059,0.06849897540983606,-254.4162001206439,659.7113782637396,-130.34098322628788,12.016491
0.005013958267721445,-1.0006636751137128,0.00937864998733659,0.13459272540983847,0.5773975409836059,0.12849897540983607,-254.4162001206439,659.7113782637396,-130.34098322628788,12.018014
0.005013958267721445,-1.0006636751137128,0.00937864998733659,0.13459272540983847,0.5773975409836059,0.12849897540983607,-254.4162001206439,659.7113782637396,-130.34098322628788,12.018928
